insert into adinfo values('wyf','123456',1);
insert into adinfo values('wyy','wyy',0);

insert into rgroup values('1','客房','img/room.bmp','酒店客房，有普通標間，豪華套間，單人，雙人間，全部設有中央空調，衛星閉路電視、寬帶上網及國內國際長途電話、安全監控等配套設施。','入住時間為下午2點，退房時間為中午12點。且只接受一周內的預訂。');

insert into rgroup values('2','會議室','img/meeting.jpg','會議室，設備先進，具備電腦，投影儀，音響等設施，環境優雅，大小兼備，服務周到，將滿足你各種中小型 會議的需求。','會議室預訂只接受一周內的預訂。以天計費。');


insert into resource (rid,rgroup,rgid,rlevel,rmoney,rdetail)values(1001,1,'101','單人標間',50.0,'單人間，可寬帶上網，免費熱水和早餐。浴室衛生間齊全。');
insert into resource (rid,rgroup,rgid,rlevel,rmoney,rdetail)values(1002,1,'102','單人標間',50.0,'單人間，可寬帶上網，免費熱水和早餐。浴室衛生間齊全。');
insert into resource (rid,rgroup,rgid,rlevel,rmoney,rdetail)values(1003,1,'103','單人標間',50.0,'單人間，可寬帶上網，免費熱水和早餐。浴室衛生間齊全。');
insert into resource (rid,rgroup,rgid,rlevel,rmoney,rdetail)values(1004,1,'104','單人標間',50.0,'單人間，可寬帶上網，免費熱水和早餐。浴室衛生間齊全。');
insert into resource (rid,rgroup,rgid,rlevel,rmoney,rdetail)values(1005,1,'105','單人標間',50.0,'單人間，可寬帶上網，免費熱水和早餐。浴室衛生間齊全。');



insert into resource (rid,rgroup,rgid,rlevel,rmoney,rdetail)values(1006,1,'106','雙人標間',80.0,'雙人間，寬敞明亮，設備齊全，可寬帶上網，免費熱水和早餐。');
insert into resource (rid,rgroup,rgid,rlevel,rmoney,rdetail)values(1007,1,'107','雙人標間',80.0,'雙人間，寬敞明亮，設備齊全，可寬帶上網，免費熱水和早餐。');
insert into resource (rid,rgroup,rgid,rlevel,rmoney,rdetail)values(1008,1,'108','雙人標間',80.0,'雙人間，寬敞明亮，設備齊全，可寬帶上網，免費熱水和早餐。');
insert into resource (rid,rgroup,rgid,rlevel,rmoney,rdetail)values(1009,1,'109','雙人標間',80.0,'雙人間，寬敞明亮，設備齊全，可寬帶上網，免費熱水和早餐。');
insert into resource (rid,rgroup,rgid,rlevel,rmoney,rdetail)values(1010,1,'110','雙人標間',80.0,'雙人間，寬敞明亮，設備齊全，可寬帶上網，免費熱水和早餐。');

insert into resource (rid,rgroup,rgid,rlevel,rmoney,rdetail)values(1011,1,'201','單人貴賓間',300.0,'設備齊全，可寬帶上網，免費熱水和早餐。給您賓至如歸的感覺');
insert into resource (rid,rgroup,rgid,rlevel,rmoney,rdetail)values(1012,1,'202','單人貴賓間',300.0,'設備齊全，可寬帶上網，免費熱水和早餐。給您賓至如歸的覺。');
insert into resource (rid,rgroup,rgid,rlevel,rmoney,rdetail)values(1013,1,'203','單人貴賓間',300.0,'設備齊全，可寬帶上網，免費熱水和早餐。給您賓至如歸的覺。');
insert into resource (rid,rgroup,rgid,rlevel,rmoney,rdetail)values(1014,1,'204','單人貴賓間',300.0,'設備齊全，可寬帶上網，免費熱水和早餐。給您賓至如歸的感。');
insert into resource (rid,rgroup,rgid,rlevel,rmoney,rdetail)values(1015,1,'205','單人貴賓間',300.0,'設備齊全，可寬帶上網，免費熱水和早餐。給您賓至如歸的感。');
insert into resource (rid,rgroup,rgid,rlevel,rmoney,rdetail)values(1016,1,'206','雙人貴賓間',500.0,'寬敞明亮，設備齊全，可寬帶上網，免費熱水和早餐。不一般的享受');
insert into resource (rid,rgroup,rgid,rlevel,rmoney,rdetail)values(1017,1,'207','雙人貴賓間',500.0,'寬敞明亮，設備齊全，可寬帶上網，免費熱水和早餐。不一般的享受。');
insert into resource (rid,rgroup,rgid,rlevel,rmoney,rdetail)values(1018,1,'208','雙人貴賓間',500.0,'寬敞明亮，設備齊全，可寬帶上網，免費熱水和早餐。不一般的享受。');
insert into resource (rid,rgroup,rgid,rlevel,rmoney,rdetail)values(1019,1,'209','雙人貴賓間',500.0,'寬敞明亮，設備齊全，可寬帶上網，免費熱水和早餐。不一般的享受。');
insert into resource (rid,rgroup,rgid,rlevel,rmoney,rdetail)values(1020,1,'210','雙人貴賓間',500.0,'寬敞明亮，設備齊全，可寬帶上網，免費熱水和早餐。不一般的享受。');


insert into resource (rid,rgroup,rgid,rlevel,rmoney,rdetail)values(1021,2,'01','10人',100.0,'設備先進，具備電腦，投影儀，音響等設施。');
insert into resource (rid,rgroup,rgid,rlevel,rmoney,rdetail)values(1022,2,'02','10人',100.0,'設備先進，具備電腦，投影儀，音響等設施。');
insert into resource (rid,rgroup,rgid,rlevel,rmoney,rdetail)values(1023,2,'03','10人',100.0,'設備先進，具備電腦，投影儀，音響等設施。');
insert into resource (rid,rgroup,rgid,rlevel,rmoney,rdetail)values(1024,2,'04','15人',120.0,'設備先進，具備電腦，投影儀，音響等設施。');
insert into resource (rid,rgroup,rgid,rlevel,rmoney,rdetail)values(1025,2,'05','15人',120.0,'設備先進，具備電腦，投影儀，音響等設施。');
insert into resource (rid,rgroup,rgid,rlevel,rmoney,rdetail)values(1026,2,'06','15人',120.0,'設備先進，具備電腦，投影儀，音響等設施。');
insert into resource (rid,rgroup,rgid,rlevel,rmoney,rdetail)values(1027,2,'07','25人',150.0,'設備先進，具備電腦，投影儀，音響等設施。');
insert into resource (rid,rgroup,rgid,rlevel,rmoney,rdetail)values(1028,2,'08','25人',150.0,'設備先進，具備電腦，投影儀，音響等設施。');
insert into resource (rid,rgroup,rgid,rlevel,rmoney,rdetail)values(1029,2,'09','25人',150.0,'設備先進，具備電腦，投影儀，音響等設施。');
insert into resource (rid,rgroup,rgid,rlevel,rmoney,rdetail)values(1030,2,'10','40人',200.0,'設備先進，具備電腦，投影儀，音響等設施。');
insert into resource (rid,rgroup,rgid,rlevel,rmoney,rdetail)values(1031,2,'11','40人',200.0,'設備先進，具備電腦，投影儀，音響等設施。');
insert into resource (rid,rgroup,rgid,rlevel,rmoney,rdetail)values(1032,2,'12','40人',200.0,'設備先進，具備電腦，投影儀，音響等設施。');
insert into resource (rid,rgroup,rgid,rlevel,rmoney,rdetail)values(1033,2,'13','80人',300.0,'設備先進，具備電腦，投影儀，音響等設施。');
insert into resource (rid,rgroup,rgid,rlevel,rmoney,rdetail)values(1034,2,'14','80人',300.0,'設備先進，具備電腦，投影儀，音響等設施。');
insert into resource (rid,rgroup,rgid,rlevel,rmoney,rdetail)values(1035,2,'15','80人',300.0,'設備先進，具備電腦，投影儀，音響等設施。');
insert into resource (rid,rgroup,rgid,rlevel,rmoney,rdetail)values(1036,2,'16','100人',500.0,'設備先進，具備電腦，投影儀，音響等設施。');
insert into resource (rid,rgroup,rgid,rlevel,rmoney,rdetail)values(1037,2,'17','100人',500.0,'設備先進，具備電腦，投影儀，音響等設施。');
insert into resource (rid,rgroup,rgid,rlevel,rmoney,rdetail)values(1038,2,'18','120人',500.0,'設備先進，具備電腦，投影儀，音響等設施。');
